Tag,Count
nan,46
gaming,7
puzzle,6
puzzle game,6
bento blocks,4
video game,4
walkthrough,4
tiktok,3
aliensrock,3
color gate puzzle fun,3
bento,3
papapupp,3
heykipp,3
speed challenge,3
best puzzle game,3
best puzzle games,3
puzzle solving,3
color gate,3
sprunki gameplay,3
strategy,3
run and sort,3
aliens rock,3
aliensrock50,3
strategy game,3
puzzle solve,3
master puzzle solver,3
puzzle video game,3
puzzle game video,3
techniques,3
new game video 2026,2
puzzle game challenge,2
brain teaser game,2
brain puzzle game,2
rice,2
sushi rice,2
#androidgames,2
shape shifting game | new hyper casual game i level -315 | #shorts #shapeshifting #gaming #car,2
sprunki gaming,2
sprunki gameplay new video,2
whateverbri,2
twitch,2
puzzles,2
indie games,2
learning,2
satisfying,2
extremely satisfying,2
gladstads,2
shorts,2
trippster,2
puzzle fun,2
sprunki,2
stream,2
box,2
bento box,2
tiling forest,1
tiling town,1
tiling,1
tile,1
kipp,1
streamer,1
gamer,1
first time,1
react,1
gaming channel,1
youtube gaming,1
they,1
them,1
pronouns,1
queer,1
genderfluid,1
gaymer,1
dlc,1
inclusive,1
lgbtq+,1
leftist,1
first playthrough,1
part,1
episode,1
playthrough,1
first,1
new,1
playthough,1
lets play,1
wholesome games,1
short kings,1
hard,1
difficult,1
rage,1
story,1
cozy,1
cute,1
level,1
100%,1
blocks,1
cooking,1
food,1
aquino,1
aquisi,1
aquinoby2002,1
directo completo,1
vod,1
aquino directos,1
aquino completo,1
aquino vod,1
completo,1
sin cortes,1
bot,1
aquisi directos,1
aquisi completo,1
directos aquino,1
juego,1
de,1
popucom,1
este juego,1
de puzzles,1
es muy genial,1
coop,1
cooperativo,1
multiplayer,1
con amigo,1
p1 p2,1
juego de puzzles multiplayer,1
modo historia,1
soyhero,1
unitied gameplay,1
unitied game,1
unitied,1
unitied solutions,1
papa pupp,1
unitied puzzle game,1
ign,1
asmr,1
asmr gaming,1
puzzle games pc 2024,1
puzzle games pc 2025,1
minimalist game,1
minimalist puzzle game,1
minimalist puzzle games,1
pc puzzle games,1
pc puzzle games 2024,1
best pc puzzle games,1
indie puzzle games,1
indie puzzle games pc,1
best indie puzzle games,1
papa,1
pupp,1
simple puzzle game,1
sokoban game,1
new puzzle games,1
new puzzle games pc,1
new puzzle games 2025,1
#matchvillains,1
#gameplay,1
#ads,1
#match,1
#puzzlegames,1
#puzzle,1
#games,1
#shorts,1
#mobilegames,1
#tiktok,1
#ytshorts,1
#trending,1
#match3games,1
ゲーム,1
おる,1
ショート,1
ティックトック,1
配信,1
顔出し,1
ツッコミ,1
おもしろ,1
おもろい,1
道徳１,1
実況,1
ゲーム実況,1
任天堂,1
funny,1
ゲーム配信,1
ゲーム配信者,1
ゲーム実況者,1
配信者,1
実況者,1
お笑い,1
面白い,1
このタグを見やんでええねん,1
お前に言うとるねん,1
kanoodle,1
kanoodle puzzle,1
kanoodle challenge,1
kanoodle ultimate champion,1
brain teaser,1
симуляторы,1
игры,1
simulator,1
гонки,1
race,1
обзоры,1
обзор,1
летсплей,1
прохождение,1
конструктор,1
головоломки,1
q remastered,1
q remastered game,1
q remastered solution,1
q remastered iq,1
q remastered impossible,1
beat q remastered,1
q remastered hardest level,1
viral shorts,1
new trading game video,1
mast game challenge video,1
top 3×3 number puzzle game,1
annoying puzzle,1
game teka teki,1
game viral,1
teka teki,1
viral,1
trending shorts,1
dop2gamelevel55,1
youtube shorts,1
today shorts,1
dop2gamelevel955,1
dop2gamelevel89,1
dop2gamelevel896,1
indie game,1
video games,1
気持ちいい,1
スッキリ,1
ひらめき,1
block puzzle,1
けろふぇん,1
てんげき,1
スマホゲーム,1
無料ゲーム,1
demi,1
scoutmaster,1
retro,1
indie,1
review,1
opinion,1
tier,1
list,1
guide,1
beginner,1
ultimate,1
mega man,1
handheld,1
blue prince,1
blueprint,1
raw fury,1
tonda ros,1
dogubomb,1
simon,1
mt. holly,1
mount holly,1
sinclair,1
room 46,1
drafting,1
architecture,1
house,1
swim bird,1
red prince,1
tonda,1
how,1
#1,1
top,1
opencritic,1
metacritic,1
top game,1
goat,1
#androidsahangaming,1
game of the year,1
best game,1
greatest game,1
metroidbrainia,1
cyan,1
myst,1
the maze,1
into the abyss,1
tutorial,1
day 1,1
no spoilers,1
spoiler free,1
cloister of joya,1
dop,1
dop2,1
technogemerz,1
bbs,1
merge fellas,1
merge fellas live,1
merge fellas gameplay,1
merge fellas meme,1
italian brainrot,1
merge fellas italian mode,1
merge fellas capybara,1
merge fellas final boss,1
merge fellas new update,1
merge fellas mobile,1
merge puzzle game,1
meme merge,1
brainrot game,1
live streaming,1
gaming live,1
merge fellas live now,1
interactive stream,1
high score grind,1
mobile gaming live,1
no commentary (if applicable),1
funny moments,1
puzzle games,1
bento blocks game,1
best indie games,1
top colour matching puzzle,1
best sort colour match videos,1
mast game challenge video 2026,1
goty,1
memory power test game,1
hermitcraft,1
hermitcraft let's play,1
hermitcraft lets play,1
ijevin,1
hermitcraft member,1
hermitcraft ijevin,1
minecraft let's play,1
minecraft lets play,1
minecraft,1
how to join hermitcraft,1
hermitcraft minecraft,1
lets play minecraft,1
#shortsvideos,1
hermitcraft 11,1
bmgamer1,1
hermitcraft season 11,1
hermitcraft 1.21.10,1
sprunki gaming new update video,1
sprunki gameplay update video,1
sprunki gaming video,1
sprunki gameplay video,1
sprunki gameplay new update video,1
youtubshorts,1
ballrun,1
ballrungameplya,1
gyangaming,1
gamingsubroto,1
minecraft 1.21.10,1
minecraft let's play 1.21.10,1
1.21.10 hermitcraft,1
lets play minecraft 1.21.10,1
1.21.10 hermitcraft let's play,1
1.21.10,1
roblox,1
bite by night,1
forsaken,1
new puzzle game,1
new puzzle video game,1
tips,1
logic puzzle,1
hidden gem,1
steam,1
open world,1
full colour matching game challenge,1
